{
  "accuracy": 0.7700305810397553,
  "precision": 0.916189111747851,
  "recall": 0.668234064785789,
  "f1_score": 0.7728096676737161,
  "roc_auc": 0.8653233972313924
}