{
  "accuracy": 0.5853211009174312,
  "precision": 0.5853211009174312,
  "recall": 1.0,
  "f1_score": 0.7384259259259259,
  "roc_auc": 0.5
}