{
  "accuracy": 0.7363914373088685,
  "precision": 0.8299874529485571,
  "recall": 0.6912225705329154,
  "f1_score": 0.7542759407069556,
  "roc_auc": 0.8125525933734661
}