{
  "CNN1D": {
    "accuracy": 0.7700305810397553,
    "precision": 0.916189111747851,
    "recall": 0.668234064785789,
    "f1_score": 0.7728096676737161,
    "roc_auc": 0.8653233972313924
  },
  "LSTMClassifier": {
    "accuracy": 0.5853211009174312,
    "precision": 0.5853211009174312,
    "recall": 1.0,
    "f1_score": 0.7384259259259259,
    "roc_auc": 0.5
  },
  "TransformerClassifier": {
    "accuracy": 0.7363914373088685,
    "precision": 0.8299874529485571,
    "recall": 0.6912225705329154,
    "f1_score": 0.7542759407069556,
    "roc_auc": 0.8125525933734661
  }
}